id,first_name,last_name,email,gender
1,Loleta,Gruby,lgruby0@dell.com,Female,ERROR
2,Ancell,Maestro,amaestro1@livejournal.com,Male
3,Riobard,Alliot,ralliot2@yelp.com,Male
4,Celina,Antonov,cantonov3@storify.com,Female
5,Vaughan,Cunnane,vcunnane4@vistaprint.com,Male
6,Jeffie,Morgan,jmorgan5@cbslocal.com,Male
7,Annadiane,Heskin,aheskin6@sakura.ne.jp,Female,ERROR
8,Trude,Raffan,traffan7@opera.com,Female,ERROR
9,Murial,Okill,mokill8@51.la,Female,ERROR
10,Kailey,Dillinger,kdillinger9@wsj.com,Female,ERROR
11,John,Lydon,jlydona@yale.edu,Male
12,Tripp,Najera,tnajerab@photobucket.com,Male
13,Daisey,Manueau,dmanueauc@boston.com,Female
14,Gaile,Lermit,glermitd@opensource.org,Male
15,Dewain,Whitty,dwhittye@list-manage.com,Male
16,Marcello,Fowlston,mfowlstonf@slideshare.net,Male
17,Huey,Dawidowitz,hdawidowitzg@addthis.com,Male
18,Agnese,Bastable,abastableh@sourceforge.net,Female
19,Zita,Cristofari,zcristofarii@privacy.gov.au,Female
20,Ramon,Janus,rjanusj@arstechnica.com,Male
21,Alasdair,Hacon,ahaconk@ocn.ne.jp,Male
22,Agata,Brauninger,abrauningerl@oakley.com,Female
23,Anatol,O'Looney,aolooneym@telegraph.co.uk,Male
24,Juan,De Freyne,jdefreynen@wired.com,Male
25,Clerkclaude,Huscroft,chuscrofto@prlog.org,Male,ERROR
26,Jereme,Screeton,jscreetonp@techcrunch.com,Male,ERROR
27,Tan,Shimwall,tshimwallq@networkadvertising.org,Male
28,Kala,Bauduin,kbauduinr@state.tx.us,Female
29,Gayel,Wanek,gwaneks@tiny.cc,Female
30,Leandra,Gregon,lgregont@smugmug.com,Female
31,Rena,Anthiftle,ranthiftleu@msu.edu,Female
32,Paton,Attlee,pattleev@walmart.com,Male
33,Tillie,Nardi,tnardiw@answers.com,Female
34,Melloney,Vertey,mverteyx@nsw.gov.au,Female
35,Alvy,Hamnett,ahamnetty@mayoclinic.com,Male
36,Coriss,Levine,clevinez@odnoklassniki.ru,Female
37,Anetta,Woodes,awoodes10@house.gov,Female
38,Agatha,Biggadike,abiggadike11@google.com.hk,Female
39,Erica,Casella,ecasella12@vistaprint.com,Female
40,Dmitri,Toner,dtoner13@plala.or.jp,Male
41,Creigh,Nobles,cnobles14@marriott.com,Male
42,Gare,Birdwhistell,gbirdwhistell15@typepad.com,Male
43,Florida,Basil,fbasil16@drupal.org,Female
44,Tamera,Freake,tfreake17@seesaa.net,Female,ERROR
45,Chuck,Sturgis,csturgis18@multiply.com,Male
46,Bink,Sorsby,bsorsby19@biglobe.ne.jp,Male
47,Albie,Towl,atowl1a@shutterfly.com,Male
48,Ronda,Hurle,rhurle1b@intel.com,Female
49,Sofie,Hernik,shernik1c@berkeley.edu,Female
50,Dmitri,Kelwaybamber,dkelwaybamber1d@so-net.ne.jp,Male,ERROR
51,Karalee,Gosse,kgosse1e@eepurl.com,Female
52,Corbie,Bodd,cbodd1f@seesaa.net,Male
53,Bibbye,Poacher,bpoacher1g@people.com.cn,Female
54,Estel,Foston,efoston1h@house.gov,Female
55,Damaris,Perche,dperche1i@is.gd,Female
56,Cornie,Oakes,coakes1j@gmpg.org,Female
57,Abramo,Gwin,agwin1k@photobucket.com,Male
58,Mathias,Copson,mcopson1l@gov.uk,Male
59,Damiano,Ivanchov,divanchov1m@pinterest.com,Male
60,Filbert,Adenet,fadenet1n@livejournal.com,Male
61,Cristin,Minkin,cminkin1o@issuu.com,Female
62,Niki,Bleacher,nbleacher1p@miitbeian.gov.cn,Male
63,Walliw,Cowp,wcowp1q@gnu.org,Female
64,Jamaal,Edmonds,jedmonds1r@issuu.com,Male
65,Modestia,Sowerby,msowerby1s@icq.com,Female
66,Tull,Slator,tslator1t@barnesandnoble.com,Male
67,Marabel,Sehorsch,msehorsch1u@squidoo.com,Female
68,Antonio,Logie,alogie1v@deliciousdays.com,Male
69,Doreen,Tallon,dtallon1w@mail.ru,Female
70,Charisse,Robertz,crobertz1x@paginegialle.it,Female
71,Isa,Varvara,ivarvara1y@people.com.cn,Female
72,Russ,Colchett,rcolchett1z@zdnet.com,Male
73,Odele,Tomankowski,otomankowski20@abc.net.au,Female
74,Derrick,Bennion,dbennion21@marriott.com,Male
75,Janet,Bosden,jbosden22@scientificamerican.com,Female
76,Evangelin,O' Hanvey,eohanvey23@twitter.com,Female
77,Dorry,Grinston,dgrinston24@amazon.de,Female
78,Shandee,Blockey,sblockey25@networksolutions.com,Female
79,Rakel,Kubasiewicz,rkubasiewicz26@whitehouse.gov,Female
80,Shay,Spieck,sspieck27@wired.com,Male
81,Sabina,Traynor,straynor28@nymag.com,Female
82,Tessa,Wannell,twannell29@webs.com,Female
83,Warren,Trobey,wtrobey2a@dot.gov,Male
84,Elisabeth,Deboo,edeboo2b@apple.com,Female
85,Dale,Bottrell,dbottrell2c@blinklist.com,Female
86,Red,Colleran,rcolleran2d@pcworld.com,Male
87,Neils,Hugli,nhugli2e@guardian.co.uk,Male
88,Gerladina,Feldon,gfeldon2f@eepurl.com,Female
89,Georgie,Kittoe,gkittoe2g@guardian.co.uk,Male
90,Alana,Lathy,alathy2h@weather.com,Female
91,La verne,Bickerdike,lbickerdike2i@amazonaws.com,Female
92,Clayton,Rumens,crumens2j@cnbc.com,Male
93,Jed,Dwire,jdwire2k@utexas.edu,Male
94,Tansy,Muzzullo,tmuzzullo2l@umn.edu,Female
95,Hilario,Botterman,hbotterman2m@yandex.ru,Male
96,Tadio,Ridout,tridout2n@discovery.com,Male
97,Marty,Foxworthy,mfoxworthy2o@smugmug.com,Male
98,Candie,Parminter,cparminter2p@yelp.com,Female
99,Giovanna,Beyn,gbeyn2q@csmonitor.com,Female
100,Sande,Cornbell,scornbell2r@virginia.edu,Female
101,Gerome,Bernadot,gbernadot2s@twitpic.com,Male
102,Lyndy,De Vries,ldevries2t@slideshare.net,Female
103,Kakalina,Morritt,kmorritt2u@reddit.com,Female
104,Austin,Plampin,aplampin2v@github.io,Female
105,Yuri,Muskett,ymuskett2w@cargocollective.com,Male
106,Kalle,Death,kdeath2x@psu.edu,Male
107,Walsh,Scholey,wscholey2y@time.com,Male
108,Torre,Berthe,tberthe2z@merriam-webster.com,Male
109,Laurie,Avrasin,lavrasin30@taobao.com,Male
110,Harv,Luard,hluard31@technorati.com,Male
111,Judie,Monsey,jmonsey32@mysql.com,Female
112,Jojo,Partner,jpartner33@npr.org,Female
113,Micky,Rainton,mrainton34@ucsd.edu,Male
114,Stella,Lisciardelli,slisciardelli35@wikispaces.com,Female
115,Cris,Bright,cbright36@issuu.com,Male
116,Susannah,De La Salle,sdelasalle37@newyorker.com,Female
117,Stacie,Boynes,sboynes38@plala.or.jp,Female
118,Rodrigo,Haywood,rhaywood39@wired.com,Male
119,Horatio,Cakes,hcakes3a@typepad.com,Male
120,Billy,Silliman,bsilliman3b@g.co,Male
121,Kathleen,O'Shaughnessy,koshaughnessy3c@columbia.edu,Female
122,Alexa,Meake,ameake3d@reddit.com,Female
123,El,Georgeon,egeorgeon3e@addthis.com,Male
124,Aluino,Stanyer,astanyer3f@imageshack.us,Male
125,Culley,Valentino,cvalentino3g@de.vu,Male
126,Fey,Geaveny,fgeaveny3h@fda.gov,Female
127,Lynsey,Ayers,layers3i@nbcnews.com,Female
128,Alisa,Vereker,avereker3j@joomla.org,Female
129,Roley,Fredy,rfredy3k@archive.org,Male
130,Sosanna,Checcucci,scheccucci3l@uiuc.edu,Female
131,Fletch,Dutson,fdutson3m@elpais.com,Male
132,Chaddie,Garrard,cgarrard3n@samsung.com,Male
133,Cynthia,Larchier,clarchier3o@stumbleupon.com,Female
134,Karlen,Durward,kdurward3p@theglobeandmail.com,Female
135,Deedee,McGall,dmcgall3q@artisteer.com,Female
136,Evonne,Farington,efarington3r@google.de,Female
137,Troy,Shimony,tshimony3s@economist.com,Male
138,Rodina,Yukhov,ryukhov3t@photobucket.com,Female
139,Doroteya,Youdell,dyoudell3u@arizona.edu,Female
140,Hyatt,Fandrey,hfandrey3v@imgur.com,Male
141,Pablo,Beckey,pbeckey3w@un.org,Male
142,Tailor,Winstanley,twinstanley3x@instagram.com,Male
143,Dionne,McRobbie,dmcrobbie3y@foxnews.com,Female
144,Otho,Morris,omorris3z@arizona.edu,Male
145,Codi,Dobby,cdobby40@plala.or.jp,Male
146,Fania,Pizzey,fpizzey41@xinhuanet.com,Female
147,Lennie,Durnan,ldurnan42@seattletimes.com,Male
148,Ilene,Taberer,itaberer43@ocn.ne.jp,Female
149,Garnet,Greengrass,ggreengrass44@chicagotribune.com,Female
150,Shaylynn,Salmen,ssalmen45@comsenz.com,Female
151,Bertrand,Caddan,bcaddan46@jimdo.com,Male
152,Carolee,Linton,clinton47@wikispaces.com,Female
153,Peterus,Rugieri,prugieri48@imgur.com,Male
154,Matthaeus,Persent,mpersent49@imgur.com,Male
155,Mariette,Laffoley-Lane,mlaffoleylane4a@answers.com,Female
156,Giselbert,Downton,gdownton4b@angelfire.com,Male
157,Jewel,Swayte,jswayte4c@unblog.fr,Female
158,Nester,De Mars,ndemars4d@de.vu,Male
159,Cherrita,Dullingham,cdullingham4e@furl.net,Female
160,Hana,McKeighen,hmckeighen4f@tumblr.com,Female
161,Helli,Iaduccelli,hiaduccelli4g@youku.com,Female
162,Roldan,Boreham,rboreham4h@prnewswire.com,Male
163,Prissie,Starkie,pstarkie4i@nsw.gov.au,Female
164,Adlai,Yelding,ayelding4j@mapquest.com,Male
165,Darell,Buney,dbuney4k@msu.edu,Female
166,Britteny,Ricciardelli,bricciardelli4l@geocities.jp,Female
167,Jard,Shugg,jshugg4m@amazon.com,Male
168,Neale,Bernardy,nbernardy4n@symantec.com,Male
169,Lind,Jentgens,ljentgens4o@pagesperso-orange.fr,Female
170,Risa,Cuppitt,rcuppitt4p@nationalgeographic.com,Female
171,Honor,McAlarney,hmcalarney4q@toplist.cz,Female
172,Wells,Waistall,wwaistall4r@storify.com,Male
173,Hughie,Towns,htowns4s@acquirethisname.com,Male
174,Cleveland,Boosey,cboosey4t@dyndns.org,Male
175,Lizzie,Peltzer,lpeltzer4u@aboutads.info,Female
176,Cobb,Woof,cwoof4v@reuters.com,Male
177,Reinhold,Kilmurry,rkilmurry4w@prlog.org,Male
178,Kessia,Guess,kguess4x@macromedia.com,Female
179,Aurel,Hadwen,ahadwen4y@walmart.com,Female
180,Jo,Kiljan,jkiljan4z@oakley.com,Female
181,Herbert,Sigert,hsigert50@washington.edu,Male
182,Rosamond,Bendon,rbendon51@ning.com,Female
183,Anselm,Marjoram,amarjoram52@cam.ac.uk,Male
184,Lacy,Saxon,lsaxon53@guardian.co.uk,Female
185,Edd,O'Hartigan,eohartigan54@hugedomains.com,Male
186,Zachariah,Slocom,zslocom55@prweb.com,Male
187,Lyle,Heinert,lheinert56@un.org,Male
188,Sidonnie,Bockin,sbockin57@booking.com,Female
189,Maribelle,Zuker,mzuker58@ucla.edu,Female
190,Dyna,Harler,dharler59@ihg.com,Female
191,Ivett,Dwerryhouse,idwerryhouse5a@nih.gov,Female
192,Yard,Kidsley,ykidsley5b@salon.com,Male
193,Laurence,Coslitt,lcoslitt5c@wordpress.org,Male
194,Launce,Dripp,ldripp5d@examiner.com,Male
195,Arden,Pietrowski,apietrowski5e@tuttocitta.it,Female
196,Cris,Geal,cgeal5f@usatoday.com,Female
197,Eduino,Wadwell,ewadwell5g@tuttocitta.it,Male
198,Fionna,Brockway,fbrockway5h@quantcast.com,Female
199,Babette,Cherm,bcherm5i@cbslocal.com,Female
200,Quintilla,Dedmam,qdedmam5j@posterous.com,Female
201,Erica,Shutle,eshutle5k@ehow.com,Female
202,Madlin,Byfford,mbyfford5l@nhs.uk,Female
203,Hebert,Gutridge,hgutridge5m@tinyurl.com,Male
204,Allissa,Cristofalo,acristofalo5n@google.co.jp,Female
205,Aylmer,Sibbons,asibbons5o@goo.ne.jp,Male
206,Ranee,Van der Kruis,rvanderkruis5p@topsy.com,Female
207,Todd,Mulrean,tmulrean5q@yale.edu,Male
208,Clemente,Throssell,cthrossell5r@wordpress.org,Male
209,Aubrie,Spedroni,aspedroni5s@dagondesign.com,Female
210,Sayre,Stalman,sstalman5t@jalbum.net,Female
211,Ignatius,Querree,iquerree5u@zimbio.com,Male
212,Dermot,Ould,dould5v@xing.com,Male
213,Alex,Schulze,aschulze5w@clickbank.net,Female
214,Kevan,Ashby,kashby5x@exblog.jp,Male
215,Hollis,Hulme,hhulme5y@nsw.gov.au,Male
216,Levi,Tithecote,ltithecote5z@quantcast.com,Male
217,Briana,Gergus,bgergus60@jalbum.net,Female
218,Pandora,Bashford,pbashford61@ted.com,Female
219,Jerry,Luker,jluker62@xrea.com,Female
220,Isabelita,Eggleston,ieggleston63@amazon.de,Female
221,Mortimer,Shinner,mshinner64@bluehost.com,Male
222,Cleo,Saffon,csaffon65@naver.com,Female
223,Jermayne,Van den Velde,jvandenvelde66@networksolutions.com,Male
224,Gaby,Biddleston,gbiddleston67@apache.org,Male
225,Donnie,Tregunna,dtregunna68@netlog.com,Male
226,Waite,Golby,wgolby69@godaddy.com,Male
227,Terri,Porter,tporter6a@ebay.co.uk,Male
228,Delilah,Gallihawk,dgallihawk6b@salon.com,Female
229,Sal,Elloway,selloway6c@live.com,Female
230,Gennie,Wickwar,gwickwar6d@earthlink.net,Female
231,Dylan,Gauler,dgauler6e@theglobeandmail.com,Male
232,Aube,Alldre,aalldre6f@loc.gov,Male
233,Dawn,Elsey,delsey6g@yolasite.com,Female
234,Kylie,Abthorpe,kabthorpe6h@netscape.com,Male
235,Kelly,Graffin,kgraffin6i@posterous.com,Female
236,Sly,Govett,sgovett6j@gmpg.org,Male
237,Ad,Tolomelli,atolomelli6k@thetimes.co.uk,Male
238,Drew,Cullinan,dcullinan6l@google.com,Male
239,Keelia,Klimpt,kklimpt6m@home.pl,Female
240,Nichols,Reddel,nreddel6n@360.cn,Male
241,Berthe,Cheesworth,bcheesworth6o@opera.com,Female
242,Vonni,Topham,vtopham6p@wikimedia.org,Female
243,Lorilyn,Ogglebie,logglebie6q@prlog.org,Female
244,Jemimah,Heineke,jheineke6r@foxnews.com,Female
245,Betty,Morling,bmorling6s@gnu.org,Female
246,Alethea,Calven,acalven6t@tripadvisor.com,Female
247,Morie,Tuddall,mtuddall6u@joomla.org,Male
248,Adriaens,Prigmore,aprigmore6v@histats.com,Female
249,Ricky,Hargroves,rhargroves6w@behance.net,Male
250,Brook,Killwick,bkillwick6x@theatlantic.com,Male
251,Jamaal,Lettuce,jlettuce6y@soundcloud.com,Male
252,Donia,Kermath,dkermath6z@goo.gl,Female
253,Free,Okey,fokey70@bloglovin.com,Male
254,Odell,Fluger,ofluger71@home.pl,Male
255,Selestina,Blofield,sblofield72@weebly.com,Female
256,Ferne,Brandt,fbrandt73@technorati.com,Female
257,Puff,Capun,pcapun74@flavors.me,Male
258,Nicolais,Ablott,nablott75@columbia.edu,Male
259,Fons,Coltherd,fcoltherd76@rakuten.co.jp,Male
260,Kim,Coley,kcoley77@indiatimes.com,Female
261,Nick,Stones,nstones78@ucsd.edu,Male
262,Hersh,Speer,hspeer79@toplist.cz,Male
263,Jacquelyn,Poundsford,jpoundsford7a@sina.com.cn,Female
264,Therese,McFadin,tmcfadin7b@constantcontact.com,Female
265,Suzette,Dittson,sdittson7c@meetup.com,Female
266,Madalyn,Locard,mlocard7d@toplist.cz,Female
267,Klaus,De Marchi,kdemarchi7e@desdev.cn,Male
268,Winfield,Sibbons,wsibbons7f@washington.edu,Male
269,Timofei,Willman,twillman7g@smugmug.com,Male
270,Hamlin,Risdale,hrisdale7h@telegraph.co.uk,Male
271,Toni,Josiah,tjosiah7i@nytimes.com,Female
272,Renie,Norval,rnorval7j@cnet.com,Female
273,Theodora,Hinrichsen,thinrichsen7k@examiner.com,Female
274,Tomasine,Leith,tleith7l@elpais.com,Female
275,Cahra,Yegorov,cyegorov7m@studiopress.com,Female
276,Jemimah,Linskill,jlinskill7n@irs.gov,Female
277,Domenic,Pawlaczyk,dpawlaczyk7o@wordpress.com,Male
278,Blaire,Ackerley,backerley7p@ocn.ne.jp,Female
279,Florry,Clearley,fclearley7q@csmonitor.com,Female
280,Sarina,Reyna,sreyna7r@spiegel.de,Female
281,Hilarius,Broscombe,hbroscombe7s@friendfeed.com,Male
282,Halley,Banker,hbanker7t@sciencedaily.com,Female
283,Isabel,Auchinleck,iauchinleck7u@dagondesign.com,Female
284,Piotr,Heisler,pheisler7v@yelp.com,Male
285,Talbot,Dewer,tdewer7w@fema.gov,Male
286,Early,Yakob,eyakob7x@epa.gov,Male
287,Noby,Swatton,nswatton7y@techcrunch.com,Male
288,Isis,McFfaden,imcffaden7z@cnn.com,Female
289,Claudina,Freemantle,cfreemantle80@github.io,Female
290,Rosanne,Clemendet,rclemendet81@chron.com,Female
291,Barbra,Gian,bgian82@github.io,Female
292,Irita,Keeltagh,ikeeltagh83@tripod.com,Female
293,Ulrich,Espie,uespie84@ebay.co.uk,Male
294,Cristie,Large,clarge85@examiner.com,Female
295,Hattie,Devany,hdevany86@blinklist.com,Female
296,Jeramey,Pease,jpease87@ucla.edu,Male
297,Sandye,Whitney,swhitney88@alexa.com,Female
298,Benny,Beurich,bbeurich89@exblog.jp,Male
299,Mandy,Shird,mshird8a@va.gov,Female
300,Collete,Mabee,cmabee8b@imageshack.us,Female
301,Shalna,Hallward,shallward8c@flickr.com,Female
302,Lolly,Castellone,lcastellone8d@chronoengine.com,Female
303,Gerda,Gentiry,ggentiry8e@domainmarket.com,Female
304,Jenna,Logan,jlogan8f@blogger.com,Female
305,Conan,Jonuzi,cjonuzi8g@purevolume.com,Male
306,Aubert,Fantone,afantone8h@ft.com,Male
307,Burch,Dennison,bdennison8i@cdc.gov,Male
308,Car,Gorman,cgorman8j@wikimedia.org,Male
309,Griswold,Clendinning,gclendinning8k@ifeng.com,Male
310,Bendick,Dregan,bdregan8l@miibeian.gov.cn,Male
311,Christa,Brimicombe,cbrimicombe8m@japanpost.jp,Female
312,Nollie,Haigh,nhaigh8n@ask.com,Female
313,Frederico,Wheelhouse,fwheelhouse8o@4shared.com,Male
314,Inger,Varga,ivarga8p@huffingtonpost.com,Female
315,Ossie,Storton,ostorton8q@baidu.com,Male
316,Esther,Mewis,emewis8r@apache.org,Female
317,King,Plinck,kplinck8s@arizona.edu,Male
318,Jeno,De Andreis,jdeandreis8t@1und1.de,Male
319,Ruthanne,Gaddie,rgaddie8u@123-reg.co.uk,Female
320,Emory,Bottoms,ebottoms8v@wiley.com,Male
321,Hunter,Kellar,hkellar8w@mediafire.com,Male
322,Ariel,MacKeague,amackeague8x@imageshack.us,Male
323,Pedro,Rigeby,prigeby8y@uol.com.br,Male
324,Debbie,Bealton,dbealton8z@hao123.com,Female
325,Minny,Panther,mpanther90@github.io,Female
326,Glennis,Venn,gvenn91@sciencedirect.com,Female
327,Quinlan,Morgon,qmorgon92@state.gov,Male
328,Siouxie,Attenborrow,sattenborrow93@economist.com,Female
329,Merell,Rutty,mrutty94@prnewswire.com,Male
330,Jasun,Backhouse,jbackhouse95@ftc.gov,Male
331,Sybilla,Wimmers,swimmers96@abc.net.au,Female
332,Zenia,Flowitt,zflowitt97@mapquest.com,Female
333,Hayyim,McAnulty,hmcanulty98@mysql.com,Male
334,Abbey,Mawford,amawford99@linkedin.com,Male
335,Auberon,Audiss,aaudiss9a@i2i.jp,Male
336,Gareth,Moyce,gmoyce9b@amazon.co.jp,Male
337,Lauree,Vasiliev,lvasiliev9c@bluehost.com,Female
338,Idalina,Eleshenar,ieleshenar9d@studiopress.com,Female
339,Peri,Offin,poffin9e@angelfire.com,Female
340,Cesar,Mulvey,cmulvey9f@behance.net,Male
341,Lyell,Ferneley,lferneley9g@github.io,Male
342,Roanna,Roast,rroast9h@webeden.co.uk,Female
343,Krisha,McArte,kmcarte9i@omniture.com,Male
344,Adams,Lorraway,alorraway9j@yandex.ru,Male
345,Bernardo,Snowball,bsnowball9k@cbsnews.com,Male
346,Linoel,Ekless,lekless9l@myspace.com,Male
347,Gerald,Ingledow,gingledow9m@eventbrite.com,Male
348,Peggy,McRitchie,pmcritchie9n@psu.edu,Female
349,Winny,Mulholland,wmulholland9o@studiopress.com,Male
350,Bonny,Kaemena,bkaemena9p@lulu.com,Female
351,Dorey,Dinzey,ddinzey9q@behance.net,Male
352,Wynnie,Chaffin,wchaffin9r@cbc.ca,Female
353,Jethro,Fitzmaurice,jfitzmaurice9s@who.int,Male
354,Darelle,Cattow,dcattow9t@forbes.com,Female
355,Daisi,Staries,dstaries9u@vkontakte.ru,Female
356,Rogers,Palfreeman,rpalfreeman9v@google.com.hk,Male
357,Michale,Leacock,mleacock9w@globo.com,Male
358,Elwyn,Kincla,ekincla9x@noaa.gov,Male
359,Dave,Stedmond,dstedmond9y@tiny.cc,Male
360,Hilly,Aickin,haickin9z@mac.com,Male
361,Enrico,Wrathall,ewrathalla0@360.cn,Male
362,Denney,Dwyr,ddwyra1@mtv.com,Male
363,Rachele,Dibley,rdibleya2@elegantthemes.com,Female
364,Robinet,Marzelli,rmarzellia3@ca.gov,Female
365,Betteanne,Snaddon,bsnaddona4@bluehost.com,Female
366,Jeannie,Reddyhoff,jreddyhoffa5@sciencedaily.com,Female
367,Ernst,Momford,emomforda6@blogspot.com,Male
368,Redd,Gai,rgaia7@360.cn,Male
369,Mathew,Antonellini,mantonellinia8@macromedia.com,Male
370,Bucky,Isaaksohn,bisaaksohna9@washingtonpost.com,Male
371,Jenifer,Iglesiaz,jiglesiazaa@moonfruit.com,Female
372,Wilmer,MacSherry,wmacsherryab@prnewswire.com,Male
373,Godiva,Whimp,gwhimpac@europa.eu,Female
374,Bone,Eggle,begglead@chron.com,Male
375,Ward,Corck,wcorckae@ibm.com,Male
376,Winnah,Caveill,wcaveillaf@narod.ru,Female
377,Binnie,Dunsmuir,bdunsmuirag@newyorker.com,Female
378,Mart,McLise,mmcliseah@whitehouse.gov,Male
379,Lazaro,Gutridge,lgutridgeai@pbs.org,Male
380,Hershel,Mumford,hmumfordaj@sciencedaily.com,Male
381,Cesare,Mangenot,cmangenotak@ocn.ne.jp,Male
382,Lorrie,Davydoch,ldavydochal@istockphoto.com,Female
383,Netti,Pavlata,npavlataam@mediafire.com,Female
384,Kylie,Rockwill,krockwillan@clickbank.net,Female
385,Halette,Faro,hfaroao@networksolutions.com,Female
386,Susanne,Clawley,sclawleyap@yahoo.com,Female
387,Letty,Sinfield,lsinfieldaq@slideshare.net,Female
388,Kerrin,Gotts,kgottsar@dailymotion.com,Female
389,Dame,Pottell,dpottellas@mail.ru,Male
390,Willabella,Statersfield,wstatersfieldat@apple.com,Female
391,Gusta,Redding,greddingau@patch.com,Female
392,Easter,Trudgeon,etrudgeonav@ucsd.edu,Female
393,Bald,Chettle,bchettleaw@archive.org,Male
394,Ralf,Dickon,rdickonax@thetimes.co.uk,Male
395,Kim,Lyford,klyforday@hp.com,Male
396,Malina,Fulks,mfulksaz@so-net.ne.jp,Female
397,Honor,Vanichkin,hvanichkinb0@timesonline.co.uk,Female
398,Arther,Demongeot,ademongeotb1@geocities.com,Male
399,Morena,Vanetti,mvanettib2@phoca.cz,Female
400,Stanislaw,de Chastelain,sdechastelainb3@ted.com,Male
401,Cosimo,Ambrogioni,cambrogionib4@about.me,Male
402,Tine,Andreassen,tandreassenb5@comsenz.com,Female
403,Wilton,Kimmins,wkimminsb6@bravesites.com,Male
404,Mariel,Kops,mkopsb7@jigsy.com,Female
405,Alfons,Motherwell,amotherwellb8@intel.com,Male
406,Nevil,Andino,nandinob9@sohu.com,Male
407,Gearard,Easterby,geasterbyba@gov.uk,Male
408,Celine,Bigland,cbiglandbb@issuu.com,Female
409,Karlik,Imlen,kimlenbc@alexa.com,Male
410,Odey,Diemer,odiemerbd@fastcompany.com,Male
411,Aurelia,Stalman,astalmanbe@clickbank.net,Female
412,Juanita,MacGibbon,jmacgibbonbf@webs.com,Female
413,Clary,Dugood,cdugoodbg@gravatar.com,Female
414,Web,Barritt,wbarrittbh@zdnet.com,Male
415,Corbett,McVie,cmcviebi@google.nl,Male
416,Bil,Wayland,bwaylandbj@i2i.jp,Male
417,Cecil,Goodman,cgoodmanbk@dedecms.com,Female
418,Arty,Conkey,aconkeybl@digg.com,Male
419,Sella,Hounsome,shounsomebm@hao123.com,Female
420,Nyssa,Ansley,nansleybn@twitpic.com,Female
421,Tanhya,Mancer,tmancerbo@msn.com,Female
422,Crystal,Rainbow,crainbowbp@bluehost.com,Female
423,Irita,Guillart,iguillartbq@comcast.net,Female
424,Lauretta,Jzak,ljzakbr@wikimedia.org,Female
425,Halli,Pickard,hpickardbs@printfriendly.com,Female
426,Hube,Loton,hlotonbt@51.la,Male
427,Cobby,Marr,cmarrbu@economist.com,Male
428,Asia,Dickins,adickinsbv@google.pl,Female
429,Maryjo,Cheng,mchengbw@fc2.com,Female
430,Violet,Brack,vbrackbx@clickbank.net,Female
431,Vernor,Mixon,vmixonby@tumblr.com,Male
432,Regan,Agutter,ragutterbz@sphinn.com,Male
433,Jeniffer,Josipovitz,jjosipovitzc0@sina.com.cn,Female
434,Joyann,Hawford,jhawfordc1@cocolog-nifty.com,Female
435,Shawn,Voce,svocec2@accuweather.com,Male
436,Konstance,Jurasek,kjurasekc3@slideshare.net,Female
437,Vanya,Petyt,vpetytc4@si.edu,Female
438,Eugen,Nairn,enairnc5@jugem.jp,Male
439,Haslett,Brane,hbranec6@dmoz.org,Male
440,Hobard,Gauthorpp,hgauthorppc7@usa.gov,Male
441,Aileen,Cottier,acottierc8@w3.org,Female
442,Leon,Manns,lmannsc9@jalbum.net,Male
443,Hoyt,MacGilfoyle,hmacgilfoyleca@yahoo.co.jp,Male
444,Kevan,Brewer,kbrewercb@printfriendly.com,Male
445,Winne,Tuerena,wtuerenacc@instagram.com,Female
446,Merrily,Ertelt,merteltcd@sbwire.com,Female
447,Selestina,Shelp,sshelpce@shareasale.com,Female
448,Kipp,Chaikovski,kchaikovskicf@illinois.edu,Female
449,Gilberta,Diegan,gdiegancg@unicef.org,Female
450,Franciska,Wotherspoon,fwotherspoonch@phpbb.com,Female
451,Monika,Staning,mstaningci@unesco.org,Female
452,Hans,Renzullo,hrenzullocj@tumblr.com,Male
453,Staford,Whife,swhifeck@jiathis.com,Male
454,Karola,Alvarado,kalvaradocl@twitpic.com,Female
455,Mattie,Isselee,misseleecm@dropbox.com,Female
456,Ann,McNiven,amcnivencn@canalblog.com,Female
457,Jennee,Harfoot,jharfootco@whitehouse.gov,Female
458,Cirilo,Beecham,cbeechamcp@merriam-webster.com,Male
459,Nickolaus,Henstone,nhenstonecq@washingtonpost.com,Male
460,Felice,Vennart,fvennartcr@tiny.cc,Female
461,Jamie,Chatell,jchatellcs@soup.io,Male
462,Milli,Dominick,mdominickct@pbs.org,Female
463,Sallie,Larver,slarvercu@theguardian.com,Female
464,Orville,Abbatt,oabbattcv@admin.ch,Male
465,Felice,Leemans,fleemanscw@ft.com,Male
466,Carly,Marte,cmartecx@bluehost.com,Female
467,Nicoli,Bartolomucci,nbartolomuccicy@123-reg.co.uk,Female
468,Sonnnie,Rothman,srothmancz@statcounter.com,Female
469,Rowan,Wollacott,rwollacottd0@dot.gov,Male
470,Judy,Luckett,jluckettd1@earthlink.net,Female
471,Em,Moakes,emoakesd2@naver.com,Female
472,Liv,Pedrol,lpedrold3@ox.ac.uk,Female
473,Vale,Beinke,vbeinked4@posterous.com,Male
474,Dianna,Craighall,dcraighalld5@guardian.co.uk,Female
475,Briana,Habbema,bhabbemad6@cnet.com,Female
476,Pail,Swayne,pswayned7@army.mil,Male
477,Alberta,Gliddon,agliddond8@google.com.au,Female
478,Cole,McGillreich,cmcgillreichd9@clickbank.net,Male
479,Riva,McMurrugh,rmcmurrughda@sina.com.cn,Female
480,Kris,Weldrick,kweldrickdb@scientificamerican.com,Female
481,Terry,Martelet,tmarteletdc@icio.us,Female
482,Beckie,Le Brun,blebrundd@economist.com,Female
483,Val,Beadel,vbeadelde@t-online.de,Female
484,Ina,Daubeny,idaubenydf@mediafire.com,Female
485,Leyla,Tolumello,ltolumellodg@blogtalkradio.com,Female
486,Amory,Shatford,ashatforddh@oaic.gov.au,Male
487,Gavra,Kennham,gkennhamdi@google.com.br,Female
488,Meridith,Bernardotte,mbernardottedj@washington.edu,Female
489,Rem,Elfes,relfesdk@nyu.edu,Male
490,Xerxes,Garioch,xgariochdl@microsoft.com,Male
491,Aaren,Hussell,ahusselldm@bing.com,Female
492,Heriberto,Attenborrow,hattenborrowdn@jigsy.com,Male
493,Jdavie,Reightley,jreightleydo@ibm.com,Male
494,Vanya,Karle,vkarledp@google.pl,Female
495,Bernete,Ismirnioglou,bismirniogloudq@pinterest.com,Female
496,Nikita,Flecknoe,nflecknoedr@sina.com.cn,Male
497,Woody,Speight,wspeightds@google.ru,Male
498,Teriann,Dosdell,tdosdelldt@arstechnica.com,Female
499,Vladimir,McNerlin,vmcnerlindu@soundcloud.com,Male
500,Charmine,MacWilliam,cmacwilliamdv@hostgator.com,Female
501,Sherye,McInnery,smcinnerydw@scribd.com,Female
502,Shanta,Auckland,saucklanddx@state.gov,Female
503,Beckie,Ravilus,bravilusdy@globo.com,Female
504,Isadora,Delgadillo,idelgadillodz@mapquest.com,Female
505,Avram,Brawley,abrawleye0@blogspot.com,Male
506,Carce,De Bischof,cdebischofe1@livejournal.com,Male
507,Kat,Labrom,klabrome2@icio.us,Female
508,Simeon,Sturte,ssturtee3@merriam-webster.com,Male
509,Terrie,Tolland,ttollande4@google.nl,Female
510,Rosalynd,Race,rracee5@wikimedia.org,Female
511,Barn,Jopp,bjoppe6@usda.gov,Male
512,Pavel,Santostefano.,psantostefanoe7@nature.com,Male
513,Brendis,Tomich,btomiche8@cbslocal.com,Male
514,Gianni,Titcom,gtitcome9@addtoany.com,Male
515,Tabor,Amsden,tamsdenea@canalblog.com,Male
516,Dori,Roomes,droomeseb@wufoo.com,Female
517,Daryle,Schall,dschallec@tripod.com,Male
518,Shawn,Carragher,scarraghered@biblegateway.com,Female
519,Hertha,Mustill,hmustillee@patch.com,Female
520,Ruth,Woolfitt,rwoolfittef@usatoday.com,Female
521,Cole,Tacker,ctackereg@google.pl,Male
522,Shanie,Caldicot,scaldicoteh@uol.com.br,Female
523,Randi,Izkovitz,rizkovitzei@state.tx.us,Female
524,Chris,Wotton,cwottonej@gov.uk,Male
525,Tully,Gosson,tgossonek@japanpost.jp,Male
526,Harvey,Lanaway,hlanawayel@msn.com,Male
527,Kipp,Corneljes,kcorneljesem@theatlantic.com,Male
528,Sayres,Yushkin,syushkinen@feedburner.com,Male
529,Aubrette,Madgwick,amadgwickeo@icq.com,Female
530,Lammond,Jex,ljexep@army.mil,Male
531,Tait,Frowde,tfrowdeeq@g.co,Male
532,Jo-anne,McCauley,jmccauleyer@google.co.jp,Female
533,Christye,Mosedill,cmosedilles@loc.gov,Female
534,Hewitt,Krauze,hkrauzeet@devhub.com,Male
535,Mariellen,Keble,mkebleeu@people.com.cn,Female
536,Marline,Gilks,mgilksev@e-recht24.de,Female
537,Liva,Millward,lmillwardew@bigcartel.com,Female
538,Cos,Churches,cchurchesex@weather.com,Male
539,Leta,Hearst,lhearstey@google.co.uk,Female
540,Bernadette,Tinniswood,btinniswoodez@blog.com,Female
541,Lib,Semmence,lsemmencef0@nifty.com,Female
542,Rube,Harsnipe,rharsnipef1@theglobeandmail.com,Male
543,Wilden,Harby,wharbyf2@cafepress.com,Male
544,Rozanna,Gobel,rgobelf3@tripod.com,Female
545,Ollie,Plumstead,oplumsteadf4@woothemes.com,Male
546,Roderic,Temple,rtemplef5@fema.gov,Male
547,Noam,Carvilla,ncarvillaf6@comcast.net,Male
548,Inigo,Challenger,ichallengerf7@smugmug.com,Male
549,Guinna,Luten,glutenf8@auda.org.au,Female
550,Thorin,Divall,tdivallf9@trellian.com,Male
551,Joyann,Challender,jchallenderfa@yellowbook.com,Female
552,Willi,oldey,woldeyfb@paypal.com,Male
553,Perla,Isakovic,pisakovicfc@topsy.com,Female
554,Josefina,Swayland,jswaylandfd@nature.com,Female
555,Evvy,Bullick,ebullickfe@chicagotribune.com,Female
556,Kasper,Koene,kkoeneff@wunderground.com,Male
557,Darbee,Capron,dcapronfg@sun.com,Male
558,Cinnamon,Rae,craefh@webnode.com,Female
559,Mindy,Cotmore,mcotmorefi@tiny.cc,Female
560,Beatrisa,Slessor,bslessorfj@goo.gl,Female
561,Aloysius,Gulley,agulleyfk@elpais.com,Male
562,Corty,Jopling,cjoplingfl@github.com,Male
563,Lek,Puddicombe,lpuddicombefm@ftc.gov,Male
564,Cahra,Han,chanfn@accuweather.com,Female
565,Elvira,Stothert,estothertfo@cloudflare.com,Female
566,Logan,Setford,lsetfordfp@last.fm,Male
567,Stavros,McLafferty,smclaffertyfq@gizmodo.com,Male
568,Guglielma,Ridgley,gridgleyfr@usatoday.com,Female
569,Ervin,Schuler,eschulerfs@addthis.com,Male
570,Ki,Hrus,khrusft@theguardian.com,Female
571,Chrotoem,Lindelof,clindeloffu@amazon.de,Male
572,Vevay,Cleeves,vcleevesfv@vistaprint.com,Female
573,Coral,Shead,csheadfw@meetup.com,Female
574,Benedikta,Zimmer,bzimmerfx@wiley.com,Female
575,Franz,Moresby,fmoresbyfy@time.com,Male
576,Darn,Hannah,dhannahfz@homestead.com,Male
577,Farr,Toop,ftoopg0@wisc.edu,Male
578,Theo,Goodlatt,tgoodlattg1@virginia.edu,Male
579,Shawnee,Hort,shortg2@cornell.edu,Female
580,Felicity,Canavan,fcanavang3@icq.com,Female
581,Peri,Earingey,pearingeyg4@wisc.edu,Female
582,Dorree,Caccavale,dcaccavaleg5@tumblr.com,Female
583,Lizabeth,Klimkov,lklimkovg6@google.ru,Female
584,Jon,Ruslen,jrusleng7@chronoengine.com,Male
585,Rosalinde,Whyler,rwhylerg8@ehow.com,Female
586,Krystalle,Steynor,ksteynorg9@desdev.cn,Female
587,Beauregard,Donohue,bdonohuega@simplemachines.org,Male
588,Hank,Rentoll,hrentollgb@opera.com,Male
589,Teodor,Venmore,tvenmoregc@bbc.co.uk,Male
590,Hartwell,Hamber,hhambergd@amazonaws.com,Male
591,Fayette,Wolfers,fwolfersge@netvibes.com,Female
592,Gabbi,Bachnic,gbachnicgf@geocities.jp,Female
593,Elston,Grigorio,egrigoriogg@theatlantic.com,Male
594,Vicky,Guirau,vguiraugh@i2i.jp,Female
595,Tabatha,O'Shirine,toshirinegi@wiley.com,Female
596,Bettine,Waterstone,bwaterstonegj@surveymonkey.com,Female
597,Etta,Lobe,elobegk@yellowbook.com,Female
598,Windham,Lenthall,wlenthallgl@networksolutions.com,Male
599,Davin,Prantoni,dprantonigm@wix.com,Male
600,Tonia,Bicker,tbickergn@guardian.co.uk,Female
601,Bree,Zellick,bzellickgo@house.gov,Female
602,Marybeth,Saywell,msaywellgp@cafepress.com,Female
603,Hobie,Dron,hdrongq@trellian.com,Male
604,Milo,Kiledal,mkiledalgr@macromedia.com,Male
605,Currie,Britee,cbriteegs@time.com,Male
606,Meg,Peplow,mpeplowgt@dedecms.com,Female
607,Kimberli,Pennings,kpenningsgu@timesonline.co.uk,Female
608,Hogan,Antonetti,hantonettigv@dmoz.org,Male
609,Dore,Hollyer,dhollyergw@archive.org,Male
610,Mordecai,Swindall,mswindallgx@usgs.gov,Male
611,Meta,Gregan,mgregangy@squarespace.com,Female
612,Ron,Tootal,rtootalgz@wikispaces.com,Male
613,Corine,Schankel,cschankelh0@artisteer.com,Female
614,Dag,Carabine,dcarabineh1@patch.com,Male
615,Elfreda,Halfacre,ehalfacreh2@vimeo.com,Female
616,Alwin,Saffon,asaffonh3@imageshack.us,Male
617,Moyra,De Gregorio,mdegregorioh4@artisteer.com,Female
618,Morganica,Enrietto,menriettoh5@clickbank.net,Female
619,Valeria,Reddoch,vreddochh6@japanpost.jp,Female
620,Babbie,Dulen,bdulenh7@cmu.edu,Female
621,Windham,Hiscoke,whiscokeh8@dyndns.org,Male
622,Enriqueta,Beaby,ebeabyh9@bloglovin.com,Female
623,Minda,Oscroft,moscroftha@youtu.be,Female
624,Friedrick,Fouracre,ffouracrehb@newsvine.com,Male
625,Adriena,Pllu,aplluhc@dyndns.org,Female
626,Marigold,Linkin,mlinkinhd@is.gd,Female
627,Abelard,Passler,apasslerhe@about.me,Male
628,Wyatt,Esser,wesserhf@sfgate.com,Male
629,Valentine,Whybray,vwhybrayhg@webeden.co.uk,Male
630,Judie,Crate,jcratehh@dailymail.co.uk,Female
631,Edouard,Stores,estoreshi@gov.uk,Male
632,Henriette,Elvin,helvinhj@princeton.edu,Female
633,Tudor,Punchard,tpunchardhk@creativecommons.org,Male
634,Guglielmo,McManamen,gmcmanamenhl@cmu.edu,Male
635,Basia,Brauninger,bbrauningerhm@aol.com,Female
636,Annie,Turford,aturfordhn@youtu.be,Female
637,Mame,Kemish,mkemishho@chron.com,Female
638,Wye,Rein,wreinhp@t.co,Male
639,Abbey,Jeduch,ajeduchhq@skype.com,Male
640,Gunther,Durkin,gdurkinhr@washington.edu,Male
641,Clarence,Stimson,cstimsonhs@loc.gov,Male
642,Yolande,Klimp,yklimpht@tripod.com,Female
643,Ethelda,Cartmail,ecartmailhu@hud.gov,Female
644,Gustave,Bernardt,gbernardthv@macromedia.com,Male
645,Ediva,BoHlingolsen,ebohlingolsenhw@joomla.org,Female
646,Worthy,Slocket,wslockethx@opera.com,Male
647,Aubrette,Aaron,aaaronhy@slashdot.org,Female
648,Buffy,Blincoe,bblincoehz@home.pl,Female
649,Kara-lynn,Shenfisch,kshenfischi0@hexun.com,Female
650,Jayson,Follen,jfolleni1@amazon.com,Male
651,Buiron,Hunton,bhuntoni2@amazon.co.uk,Male
652,Ginelle,Bernardini,gbernardinii3@ftc.gov,Female
653,Zarah,Worgen,zworgeni4@xrea.com,Female
654,Witty,Schwanden,wschwandeni5@bing.com,Male
655,Antonio,Leathe,aleathei6@eepurl.com,Male
656,Cathlene,Brierton,cbriertoni7@telegraph.co.uk,Female
657,Finn,Melan,fmelani8@g.co,Male
658,Mercie,Ivakhno,mivakhnoi9@comsenz.com,Female
659,Bentlee,Harnor,bharnoria@guardian.co.uk,Male
660,Franz,Symes,fsymesib@techcrunch.com,Male
661,Ashton,Baynam,abaynamic@vk.com,Male
662,Willdon,Hurtic,whurticid@paypal.com,Male
663,Desiree,Mully,dmullyie@a8.net,Female
664,Nicolais,Dwane,ndwaneif@oaic.gov.au,Male
665,Tadd,Wilmott,twilmottig@illinois.edu,Male
666,Othilia,Benck,obenckih@webnode.com,Female
667,Silas,Desorts,sdesortsii@etsy.com,Male
668,Bertina,Juszczak,bjuszczakij@mail.ru,Female
669,Gardy,Bazire,gbazireik@usda.gov,Male
670,Tab,Drees,tdreesil@desdev.cn,Male
671,Cori,Pracy,cpracyim@blogtalkradio.com,Male
672,Lydon,Lathwood,llathwoodin@imageshack.us,Male
673,Henriette,Aujouanet,haujouanetio@tmall.com,Female
674,Paddy,Allom,pallomip@usnews.com,Male
675,Earvin,Savory,esavoryiq@pbs.org,Male
676,Kirstin,Senechell,ksenechellir@epa.gov,Female
677,Flo,Joberne,fjoberneis@163.com,Female
678,Pammi,White,pwhiteit@edublogs.org,Female
679,Natalina,De Leek,ndeleekiu@who.int,Female
680,Margie,Midlar,mmidlariv@ucsd.edu,Female
681,Gal,Renak,grenakiw@toplist.cz,Male
682,Nola,Fetter,nfetterix@utexas.edu,Female
683,Myer,Itzik,mitzikiy@unblog.fr,Male
684,Erv,Trayte,etrayteiz@unc.edu,Male
685,Rockwell,Quigg,rquiggj0@discuz.net,Male
686,Lib,Golley,lgolleyj1@google.com,Female
687,Quincy,Dalli,qdallij2@virginia.edu,Male
688,Corrianne,Dumbarton,cdumbartonj3@ted.com,Female
689,Roda,McCallam,rmccallamj4@tiny.cc,Female
690,Sonnie,Paffot,spaffotj5@godaddy.com,Female
691,Sherwin,Sandell,ssandellj6@mozilla.com,Male
692,Lorine,Casarili,lcasarilij7@flavors.me,Female
693,Berty,Masey,bmaseyj8@webmd.com,Male
694,Niles,Ferrea,nferreaj9@go.com,Male
695,Binni,Pascow,bpascowja@springer.com,Female
696,Bailey,Gillyatt,bgillyattjb@intel.com,Male
697,Meris,Orable,morablejc@dagondesign.com,Female
698,Bronny,Francklyn,bfrancklynjd@php.net,Male
699,Marylynne,Partkya,mpartkyaje@wikispaces.com,Female
700,Fredericka,Cometto,fcomettojf@cyberchimps.com,Female
701,Bobbie,McConway,bmcconwayjg@github.io,Male
702,Sibby,Lewisham,slewishamjh@dmoz.org,Female
703,Ambrosio,Clementson,aclementsonji@examiner.com,Male
704,Fayth,Waplinton,fwaplintonjj@nbcnews.com,Female
705,Maddie,Morbey,mmorbeyjk@com.com,Female
706,Zita,Woolcocks,zwoolcocksjl@addthis.com,Female
707,Raven,Jerson,rjersonjm@wufoo.com,Female
708,Lanni,Mieville,lmievillejn@wsj.com,Female
709,Brigit,Hurne,bhurnejo@shop-pro.jp,Female
710,Odetta,Lazare,olazarejp@businessinsider.com,Female
711,Bevin,Kilian,bkilianjq@nature.com,Male
712,Robin,Bytheway,rbythewayjr@photobucket.com,Female
713,Kale,Knightly,kknightlyjs@imgur.com,Male
714,George,Radford,gradfordjt@mtv.com,Female
715,Woody,McCurrie,wmccurrieju@globo.com,Male
716,Garrick,Raccio,gracciojv@engadget.com,Male
717,Wilhelm,Katz,wkatzjw@alexa.com,Male
718,Valentino,Presland,vpreslandjx@yelp.com,Male
719,Darb,Napleton,dnapletonjy@springer.com,Female
720,Harlin,Couth,hcouthjz@salon.com,Male
721,Madlen,Cantwell,mcantwellk0@state.gov,Female
722,Reba,Bennetto,rbennettok1@goodreads.com,Female
723,Llewellyn,Delhanty,ldelhantyk2@google.es,Male
724,Camel,Albers,calbersk3@fastcompany.com,Female
725,Wynn,Rojahn,wrojahnk4@phoca.cz,Male
726,Leeland,Sidaway,lsidawayk5@imageshack.us,Male
727,Ingrim,Merrick,imerrickk6@bbc.co.uk,Male
728,Forester,Caswill,fcaswillk7@themeforest.net,Male
729,Bail,Parry,bparryk8@e-recht24.de,Male
730,Caty,Dugald,cdugaldk9@freewebs.com,Female
731,Derrik,Kirlin,dkirlinka@sphinn.com,Male
732,Dael,Vispo,dvispokb@netscape.com,Male
733,Lanna,Twinberrow,ltwinberrowkc@yahoo.co.jp,Female
734,Myriam,Cissen,mcissenkd@wordpress.com,Female
735,Vivien,Peplaw,vpeplawke@youtu.be,Female
736,Matthew,McWhinnie,mmcwhinniekf@nymag.com,Male
737,Marve,Smidmoor,msmidmoorkg@npr.org,Male
738,Gerhardt,Grazier,ggrazierkh@tinypic.com,Male
739,Keefe,Broggio,kbroggioki@weebly.com,Male
740,Teddie,Higounet,thigounetkj@scribd.com,Female
741,Devi,Dombrell,ddombrellkk@simplemachines.org,Female
742,Ruprecht,Galbreath,rgalbreathkl@yellowpages.com,Male
743,Pammi,Edelmann,pedelmannkm@uiuc.edu,Female
744,Lindon,Gopsell,lgopsellkn@intel.com,Male
745,Kaitlyn,Brikner,kbriknerko@nih.gov,Female
746,Crin,Igglesden,cigglesdenkp@is.gd,Female
747,Guido,Mish,gmishkq@phoca.cz,Male
748,Bryan,Overel,boverelkr@toplist.cz,Male
749,Mick,Oxe,moxeks@example.com,Male
750,Ronalda,Dodgshon,rdodgshonkt@kickstarter.com,Female
751,Nissy,Goodswen,ngoodswenku@nih.gov,Female
752,Bridgette,Auty,bautykv@google.com,Female
753,Meryl,Klehn,mklehnkw@vk.com,Male
754,Salomon,Whatsize,swhatsizekx@shop-pro.jp,Male
755,Angela,Tattoo,atattooky@mapy.cz,Female
756,Ester,Malzard,emalzardkz@stumbleupon.com,Female
757,Olva,Swyer,oswyerl0@cbslocal.com,Female
758,Jeana,Thunnerclef,jthunnerclefl1@pcworld.com,Female
759,Josias,McKellen,jmckellenl2@europa.eu,Male
760,Priscilla,Woodhall,pwoodhalll3@ameblo.jp,Female
761,Yorgos,Zahor,yzahorl4@princeton.edu,Male
762,Rhianna,Gonet,rgonetl5@irs.gov,Female
763,Chryste,Glazebrook,cglazebrookl6@artisteer.com,Female
764,Kissie,Garrick,kgarrickl7@rediff.com,Female
765,Hillel,Falk,hfalkl8@youku.com,Male
766,Gerladina,Labbett,glabbettl9@ihg.com,Female
767,Zilvia,Strafen,zstrafenla@go.com,Female
768,Sharron,Bloomfield,sbloomfieldlb@example.com,Female
769,Eddie,Tinman,etinmanlc@mit.edu,Female
770,Almire,Carder,acarderld@lulu.com,Female
771,Currie,MacCourt,cmaccourtle@examiner.com,Male
772,Tonya,Van den Oord,tvandenoordlf@smugmug.com,Female
773,Lorens,Fullard,lfullardlg@shutterfly.com,Male
774,Gayelord,Anstiss,ganstisslh@ifeng.com,Male
775,Brose,Creamer,bcreamerli@economist.com,Male
776,Forrester,Costi,fcostilj@cnet.com,Male
777,Mordecai,Bugbird,mbugbirdlk@blogs.com,Male
778,Hersh,Vowell,hvowellll@state.gov,Male
779,Vally,Revens,vrevenslm@technorati.com,Female
780,Mariana,Hanbidge,mhanbidgeln@moonfruit.com,Female
781,Spenser,Woodruff,swoodrufflo@comsenz.com,Male
782,Lizbeth,Keeting,lkeetinglp@yellowbook.com,Female
783,Sheila,McPhilemy,smcphilemylq@squidoo.com,Female
784,Lettie,Longthorn,llongthornlr@illinois.edu,Female
785,Sula,Hoovart,shoovartls@jigsy.com,Female
786,Sergeant,Soames,ssoameslt@123-reg.co.uk,Male
787,Olivero,Labbati,olabbatilu@livejournal.com,Male
788,Myca,Getley,mgetleylv@yellowpages.com,Male
789,Gaylord,Bernardet,gbernardetlw@hc360.com,Male
790,Joelly,Sargeant,jsargeantlx@yolasite.com,Female
791,Ev,Nerheny,enerhenyly@imageshack.us,Male
792,Nertie,Marco,nmarcolz@census.gov,Female
793,Aili,Double,adoublem0@auda.org.au,Female
794,Haily,Owen,howenm1@aboutads.info,Female
795,Mordecai,Pinkstone,mpinkstonem2@alibaba.com,Male
796,Stanton,Goodding,sgooddingm3@ezinearticles.com,Male
797,Aurora,Stonnell,astonnellm4@toplist.cz,Female
798,Melinda,Crowe,mcrowem5@howstuffworks.com,Female
799,Kim,Sabatini,ksabatinim6@xing.com,Male
800,Barbabra,Lyptratt,blyptrattm7@disqus.com,Female
801,Rochella,Hyams,rhyamsm8@chron.com,Female
802,Connor,Trollope,ctrollopem9@toplist.cz,Male
803,Shurlock,Barkly,sbarklyma@va.gov,Male
804,Renee,Josephy,rjosephymb@twitter.com,Female
805,Gilburt,Measham,gmeashammc@weather.com,Male
806,Lexis,Inger,lingermd@eventbrite.com,Female
807,Josh,Richemont,jrichemontme@bizjournals.com,Male
808,Minny,Maslin,mmaslinmf@army.mil,Female
809,Sargent,Lissemore,slissemoremg@google.com,Male
810,Georgy,Fullerlove,gfullerlovemh@arizona.edu,Male
811,Callie,Kepe,ckepemi@reverbnation.com,Female
812,Ethelred,Bosomworth,ebosomworthmj@umich.edu,Male
813,Konstance,Croan,kcroanmk@gravatar.com,Female
814,Adina,Leal,alealml@timesonline.co.uk,Female
815,Lionello,Staff,lstaffmm@noaa.gov,Male
816,Dareen,Pasmore,dpasmoremn@techcrunch.com,Female
817,Birch,Oldridge,boldridgemo@diigo.com,Male
818,Fania,Huntly,fhuntlymp@gizmodo.com,Female
819,Frederique,Dyball,fdyballmq@thetimes.co.uk,Female
820,Marlowe,Whistan,mwhistanmr@mashable.com,Male
821,Raine,Grunson,rgrunsonms@marketwatch.com,Female
822,Chucho,Isbell,cisbellmt@imgur.com,Male
823,Cairistiona,Whisby,cwhisbymu@dedecms.com,Female
824,Pippy,Breslane,pbreslanemv@disqus.com,Female
825,Rozina,Forty,rfortymw@goodreads.com,Female
826,Fabio,Hance,fhancemx@studiopress.com,Male
827,Ermin,Greenwell,egreenwellmy@1und1.de,Male
828,Bud,Cherry Holme,bcherryholmemz@slashdot.org,Male
829,Kendrick,Kniveton,kknivetonn0@youku.com,Male
830,Cassey,Bleythin,cbleythinn1@earthlink.net,Female
831,Everard,Sieve,esieven2@nsw.gov.au,Male
832,Henrieta,McDowall,hmcdowalln3@reuters.com,Female
833,Aldric,Honsch,ahonschn4@wikispaces.com,Male
834,Margo,Adamowicz,madamowiczn5@miitbeian.gov.cn,Female
835,Gill,Cracie,gcracien6@bing.com,Female
836,Aliza,Drewry,adrewryn7@ameblo.jp,Female
837,Cecilio,Sheringham,csheringhamn8@hc360.com,Male
838,Mahala,Brood,mbroodn9@woothemes.com,Female
839,Kiley,Carlozzi,kcarlozzina@google.co.uk,Male
840,Lisa,Hagstone,lhagstonenb@stumbleupon.com,Female
841,Jill,Kareman,jkaremannc@bbc.co.uk,Female
842,Romain,Bermingham,rberminghamnd@stanford.edu,Male
843,Rice,Nagle,rnaglene@msu.edu,Male
844,Felipa,Asplin,fasplinnf@europa.eu,Female
845,Emmalyn,Donhardt,edonhardtng@wordpress.com,Female
846,Viola,Demke,vdemkenh@yelp.com,Female
847,Ketty,McLean,kmcleanni@weibo.com,Female
848,Charity,Davidovitch,cdavidovitchnj@360.cn,Female
849,Patty,Kingcote,pkingcotenk@digg.com,Male
850,Rodrigo,Crowcum,rcrowcumnl@auda.org.au,Male
851,Harriot,Kinneir,hkinneirnm@twitter.com,Female
852,Ibrahim,Kime,ikimenn@digg.com,Male
853,Loella,Keysall,lkeysallno@discuz.net,Female
854,Chickie,Titchard,ctitchardnp@vkontakte.ru,Female
855,Jule,Pidgley,jpidgleynq@addtoany.com,Male
856,Bettye,Toplin,btoplinnr@salon.com,Female
857,Dmitri,Berntssen,dberntssenns@bizjournals.com,Male
858,Neile,Meacher,nmeachernt@ted.com,Female
859,Adelind,Scarlet,ascarletnu@google.ru,Female
860,Wainwright,Nozzolinii,wnozzoliniinv@flickr.com,Male
861,Richmond,Brundle,rbrundlenw@paypal.com,Male
862,Brande,Girdler,bgirdlernx@delicious.com,Female
863,Averyl,Pickover,apickoverny@mapy.cz,Female
864,Krissie,Eggerton,keggertonnz@ucsd.edu,Female
865,Howard,O'Rodane,horodaneo0@phoca.cz,Male
866,Elysha,Castelletti,ecastellettio1@bigcartel.com,Female
867,Heindrick,Berntsson,hberntssono2@ucoz.com,Male
868,Roch,Togher,rtoghero3@biglobe.ne.jp,Female
869,Pascal,Barniss,pbarnisso4@nps.gov,Male
870,Hal,Stuffins,hstuffinso5@so-net.ne.jp,Male
871,Chev,Bending,cbendingo6@auda.org.au,Male
872,Jessica,Swindon,jswindono7@dell.com,Female
873,Adrienne,Rudyard,arudyardo8@hc360.com,Female
874,Puff,Scarth,pscartho9@hostgator.com,Male
875,Ana,Oxenden,aoxendenoa@tamu.edu,Female
876,Moshe,Josef,mjosefob@jimdo.com,Male
877,Thomas,Mattingley,tmattingleyoc@theguardian.com,Male
878,Teresina,Van De Cappelle,tvandecappelleod@linkedin.com,Female
879,Marthena,Laurentin,mlaurentinoe@gravatar.com,Female
880,Brinn,Kornousek,bkornousekof@mtv.com,Female
881,Mitchell,Echelle,mechelleog@fastcompany.com,Male
882,Georgie,Dorrins,gdorrinsoh@yandex.ru,Male
883,Vincenty,Kikke,vkikkeoi@sogou.com,Male
884,Amos,Mountney,amountneyoj@dell.com,Male
885,Paul,Pele,ppeleok@addthis.com,Male
886,Barry,Hookes,bhookesol@networkadvertising.org,Male
887,Cari,Elgee,celgeeom@dmoz.org,Female
888,Edouard,Halliwell,ehalliwellon@sphinn.com,Male
889,Magdaia,Lucas,mlucasoo@msn.com,Female
890,Kara-lynn,Carder,kcarderop@t.co,Female
891,Tatiania,Hundell,thundelloq@flickr.com,Female
892,Elden,Stagge,estaggeor@wsj.com,Male
893,Gusty,Elham,gelhamos@msn.com,Female
894,Margeaux,Dignall,mdignallot@themeforest.net,Female
895,Lynda,Dominik,ldominikou@hostgator.com,Female
896,Janna,Fishbourn,jfishbournov@theatlantic.com,Female
897,Case,Jerwood,cjerwoodow@reference.com,Male
898,Reinwald,Naismith,rnaismithox@sciencedirect.com,Male
899,Zachery,Murrhaupt,zmurrhauptoy@thetimes.co.uk,Male
900,Uriah,Giacomozzo,ugiacomozzooz@arizona.edu,Male
901,Yehudit,Beedie,ybeediep0@networksolutions.com,Male
902,Gertruda,Fellini,gfellinip1@state.gov,Female
903,Brooks,Okenden,bokendenp2@un.org,Female
904,Maggy,Moro,mmorop3@amazon.co.uk,Female
905,Chauncey,Speariett,cspeariettp4@symantec.com,Male
906,Ailene,Barden,abardenp5@mashable.com,Female
907,Huntington,Neagle,hneaglep6@illinois.edu,Male
908,Merrel,Blondelle,mblondellep7@nba.com,Male
909,Torey,Jirousek,tjirousekp8@ask.com,Female
910,Ad,Thompstone,athompstonep9@sogou.com,Male
911,Romonda,Mobley,rmobleypa@blogger.com,Female
912,Delmar,Leif,dleifpb@reference.com,Male
913,Bernadine,Danniell,bdanniellpc@buzzfeed.com,Female
914,Kayla,Hidderley,khidderleypd@gravatar.com,Female
915,Bessie,Hamflett,bhamflettpe@census.gov,Female
916,Jermain,Witchalls,jwitchallspf@walmart.com,Male
917,Brenda,Stratz,bstratzpg@businessinsider.com,Female
918,Cassius,Thying,cthyingph@scribd.com,Male
919,Hanna,Lambot,hlambotpi@foxnews.com,Female
920,Stace,Mathewson,smathewsonpj@flickr.com,Female
921,Berthe,Bearfoot,bbearfootpk@jugem.jp,Female
922,Meriel,Oswald,moswaldpl@hibu.com,Female
923,Corene,Gleader,cgleaderpm@issuu.com,Female
924,Ketty,Lyngsted,klyngstedpn@soup.io,Female
925,Alla,Langhorne,alanghornepo@bluehost.com,Female
926,Virgil,Pentony,vpentonypp@meetup.com,Male
927,Ardith,Usher,ausherpq@harvard.edu,Female
928,Hymie,Heggison,hheggisonpr@cargocollective.com,Male
929,Kyle,Jiggen,kjiggenps@vk.com,Male
930,Saunders,Woodhall,swoodhallpt@goo.ne.jp,Male
931,Eve,Fryer,efryerpu@vkontakte.ru,Female
932,Mufi,McAdam,mmcadampv@vinaora.com,Female
933,Carlin,Aucourte,caucourtepw@fc2.com,Male
934,Breanne,Mathison,bmathisonpx@wordpress.com,Female
935,Weber,Armiger,warmigerpy@biblegateway.com,Male
936,Paulo,Dooher,pdooherpz@newsvine.com,Male
937,Gradey,Babst,gbabstq0@usa.gov,Male
938,Robby,Bertolin,rbertolinq1@omniture.com,Female
939,Yasmeen,Reeve,yreeveq2@studiopress.com,Female
940,Melisande,Harrhy,mharrhyq3@feedburner.com,Female
941,Daile,Okie,dokieq4@eventbrite.com,Female
942,Lu,Thewys,lthewysq5@ucla.edu,Female
943,Glenna,Strephan,gstrephanq6@harvard.edu,Female
944,Kristo,Phillipson,kphillipsonq7@sbwire.com,Male
945,Orbadiah,Malone,omaloneq8@nyu.edu,Male
946,Maybelle,Carson,mcarsonq9@fastcompany.com,Female
947,Kora,Brendeke,kbrendekeqa@wp.com,Female
948,Cherida,Dixcee,cdixceeqb@ca.gov,Female
949,Gonzalo,Kears,gkearsqc@quantcast.com,Male
950,Godwin,Reddecliffe,greddecliffeqd@fema.gov,Male
951,Olia,Orridge,oorridgeqe@ning.com,Female
952,Hartwell,Gundrey,hgundreyqf@skype.com,Male
953,Christin,Nelligan,cnelliganqg@boston.com,Female
954,Tremayne,Plummer,tplummerqh@wikispaces.com,Male
955,Aluin,Macklin,amacklinqi@washingtonpost.com,Male
956,Laurence,Fossey,lfosseyqj@nytimes.com,Male
957,Olenolin,Vasyunichev,ovasyunichevqk@zimbio.com,Male
958,Aubine,Carvilla,acarvillaql@last.fm,Female
959,Dougy,Finlry,dfinlryqm@europa.eu,Male
960,Cecil,Guyver,cguyverqn@hubpages.com,Female
961,Ali,Vasyaev,avasyaevqo@arstechnica.com,Female
962,Chicky,Alves,calvesqp@constantcontact.com,Male
963,Mortie,Gingle,mgingleqq@guardian.co.uk,Male
964,Abba,Draisey,adraiseyqr@ask.com,Male
965,Bran,Robelet,brobeletqs@pinterest.com,Male
966,Maryanne,Broggetti,mbroggettiqt@blogspot.com,Female
967,Christophorus,Cissell,ccissellqu@hc360.com,Male
968,Jasper,Benaine,jbenaineqv@bbc.co.uk,Male
969,Gillan,Obeney,gobeneyqw@joomla.org,Female
970,Jefferey,Poschel,jposchelqx@state.tx.us,Male
971,Toinette,Wilcocke,twilcockeqy@ycombinator.com,Female
972,Layton,Ruberti,lrubertiqz@icio.us,Male
973,Laureen,Dibdin,ldibdinr0@scribd.com,Female
974,Arly,Carlaw,acarlawr1@google.ru,Female
975,Karena,Whymark,kwhymarkr2@uol.com.br,Female
976,Jdavie,Rudolph,jrudolphr3@wikispaces.com,Male
977,Rollo,Sally,rsallyr4@slate.com,Male
978,Tyler,Every,teveryr5@gov.uk,Male
979,Lawrence,Du Plantier,lduplantierr6@bigcartel.com,Male
980,Pauletta,Benford,pbenfordr7@plala.or.jp,Female
981,Shirleen,Kendle,skendler8@nymag.com,Female
982,Thatch,Dearlove,tdearlover9@hhs.gov,Male
983,Hamel,Freezor,hfreezorra@cbslocal.com,Male
984,Gael,Stoller,gstollerrb@t.co,Female
985,Jenilee,Bassano,jbassanorc@hao123.com,Female
986,Kaela,Fallen,kfallenrd@rambler.ru,Female
987,Odessa,Abramovicz,oabramoviczre@google.co.uk,Female
988,Sauveur,Fifield,sfifieldrf@bandcamp.com,Male
989,Waylin,Hugk,whugkrg@is.gd,Male
990,Karee,Wathall,kwathallrh@wikipedia.org,Female
991,Hugues,Championnet,hchampionnetri@census.gov,Male
992,Nerissa,Pothergill,npothergillrj@instagram.com,Female
993,Bobine,Yusupov,byusupovrk@samsung.com,Female
994,Avigdor,Knappe,aknapperl@163.com,Male
995,Charo,Brugemann,cbrugemannrm@pbs.org,Female
996,Kort,Desorts,kdesortsrn@wired.com,Male
997,Netta,Bourbon,nbourbonro@nba.com,Female
998,Vinny,Backen,vbackenrp@dyndns.org,Male
999,Ardisj,Delucia,adeluciarq@sourceforge.net,Female
1000,Naomi,Elijahu,nelijahurr@va.gov,Female
